{
  "calculations": [
    {
      "id": "c606",
      "data": [
        1,
        2,
        3,
        4,
        5
      ],
      "mean": 3,
      "stdDeviation": 1.4142135623730951
    },
    {
      "id": "fe91",
      "data": [
        52,
        74,
        71,
        79,
        3
      ],
      "mean": 55.8,
      "stdDeviation": 27.938503896951964
    }
  ]
}