{
  "calculations": [
    {
      "data": [
        450,
        800,
        300,
        400
      ],
      "mean": 487.5,
      "std_deviation": 188.33148966649205,
      "id": 1
    },
    {
      "data": [
        450,
        800,
        300,
        400
      ],
      "stdDeviation": 188.33148966649205,
      "id": 2
    }
  ]
}